mysql>  select * from student
    -> ;
+--------+-------+
| Rollno | name  |
+--------+-------+
|      1 | Vidya |
|      2 | jhanu |
|      3 | Vida  |
+--------+-------+
3 rows in set (0.17 sec)

mysql> delimiter $$
mysql> create procedure curdemo(id1 int)
    ->      begin
    ->      declare sname varchar(255);
    ->      declare cur1 cursor for select name from student where Rollno=id1;
    ->      open cur1;
    ->      fetch cur1 into sname;
    ->      select sname;
    ->      close cur1;
    ->      end $$
Query OK, 0 rows affected (0.64 sec)

mysql> delimiter;
    -> $$
ERROR 1064 (42000): You have an error in your SQL syntax; check the manual that corresponds to your MySQL server version for the right syntax to use near 'delimiter' at line 1
mysql> 
mysql> 
mysql> delimiter ;
mysql> call curdemo(3) ;
+-------+
| sname |
+-------+
| Vida  |
+-------+
1 row in set (0.01 sec)

Query OK, 0 rows affected (0.01 sec)

mysql> 

mysql>  select * from employees;
+----+--------+------+--------+
| id | name   | age  | salary |
+----+--------+------+--------+
|  1 | jhanu  |   40 |   3000 |
|  2 | Vidya  |   22 |   3000 |
|  3 | Pavi   |   19 |   4000 |
|  4 | jhan   |   40 |   2000 |
|  5 | Vidyan |   22 |   5000 |
|  6 | Pavvi  |   19 |   3000 |
+----+--------+------+--------+
6 rows in set (0.00 sec)


mysql> delimiter $$
mysql> create procedure cursordemo()
    -> begin 
    ->     declare ename varchar(15);
    ->     declare emp_id int;
    ->     declare emp_salary float;
    ->     declare done int default 0;
    ->     declare c2 cursor for select id,name,salary from employees;
    ->     DECLARE CONTINUE HANDLER FOR NOT FOUND SET done = TRUE;
    ->     open c2;
    ->     cursorloop:loop
    ->     if done = true then  
    ->         leave cursorloop;
    ->     end if;
    ->     fetch c2 into emp_id,ename,emp_salary;
    ->     select emp_id,ename,emp_salary ;
    ->     end loop cursorloop;
    ->     close c2;
    ->     end $$
Query OK, 0 rows affected (0.19 sec)

mysql> delimiter ;
mysql> call cursordemo() ;
+--------+-------+------------+
| emp_id | ename | emp_salary |
+--------+-------+------------+
|      1 | jhanu |       3000 |
+--------+-------+------------+
1 row in set (0.00 sec)

+--------+-------+------------+
| emp_id | ename | emp_salary |
+--------+-------+------------+
|      2 | Vidya |       3000 |
+--------+-------+------------+
1 row in set (0.00 sec)

+--------+-------+------------+
| emp_id | ename | emp_salary |
+--------+-------+------------+
|      3 | Pavi  |       4000 |
+--------+-------+------------+
1 row in set (0.00 sec)

+--------+-------+------------+
| emp_id | ename | emp_salary |
+--------+-------+------------+
|      4 | jhan  |       2000 |
+--------+-------+------------+
1 row in set (0.00 sec)

+--------+--------+------------+
| emp_id | ename  | emp_salary |
+--------+--------+------------+
|      5 | Vidyan |       5000 |
+--------+--------+------------+
1 row in set (0.00 sec)

+--------+-------+------------+
| emp_id | ename | emp_salary |
+--------+-------+------------+
|      6 | Pavvi |       3000 |
+--------+-------+------------+
1 row in set (0.00 sec)

+--------+-------+------------+
| emp_id | ename | emp_salary |
+--------+-------+------------+
|      6 | Pavvi |       3000 |
+--------+-------+------------+
1 row in set (0.00 sec)

Query OK, 0 rows affected (0.00 sec)

mysql> 



